user_id,Age,BusinessTravel,DailyRate,Department,DistanceFromHome,Education,EducationField,EmployeeCount,EmployeeNumber,EnvironmentSatisfaction,Gender,HourlyRate,JobInvolvement,JobLevel,JobRole,JobSatisfaction,MaritalStatus,MonthlyIncome,MonthlyRate,NumCompaniesWorked,Over18,OverTime,PercentSalaryHike,PerformanceRating,RelationshipSatisfaction,StandardHours,StockOptionLevel,TotalWorkingYears,TrainingTimesLastYear,WorkLifeBalance,YearsAtCompany,YearsInCurrentRole,YearsSinceLastPromotion,YearsWithCurrManager,Attrition_No_score,Attrition_Yes_score
1126,50,Travel_Rarely,264,Sales,9,3,Marketing,1,1591,3,Male,59,3,5,Manager,3,Married,19331,19519,4,Y,Yes,16,3,3,80,1,27,2,3,1,0,0,0,0.74830788373947144,0.25169211626052856
326,39,Travel_Frequently,672,Research & Development,7,2,Medical,1,444,3,Male,54,2,5,Manager,4,Married,19272,21141,1,Y,No,15,3,1,80,1,21,2,3,21,9,13,3,0.99155116081237793,0.0084488783031702042
500,32,Travel_Rarely,646,Research & Development,9,4,Life Sciences,1,679,1,Female,92,3,2,Research Scientist,4,Married,6322,18089,1,Y,Yes,12,3,4,80,1,6,2,2,6,4,0,5,0.97494679689407349,0.025053214281797409
546,29,Travel_Rarely,1396,Sales,10,3,Life Sciences,1,749,3,Male,99,3,1,Sales Representative,3,Single,2642,2755,1,Y,No,11,3,3,80,0,1,6,3,1,0,0,0,0.21277417242527008,0.78722584247589111
520,48,Travel_Rarely,817,Sales,2,1,Marketing,1,712,2,Male,56,4,2,Sales Executive,2,Married,8120,18597,3,Y,No,12,3,4,80,0,12,3,3,2,2,2,2,0.98338931798934937,0.016610678285360336
1180,36,Travel_Rarely,311,Research & Development,7,3,Life Sciences,1,1659,1,Male,77,3,1,Laboratory Technician,2,Single,2013,10950,2,Y,No,11,3,3,80,0,15,4,3,4,3,1,3,0.67513817548751831,0.3248617947101593
966,58,Travel_Rarely,601,Research & Development,7,4,Medical,1,1360,3,Female,53,2,3,Manufacturing Director,1,Married,10008,12023,7,Y,Yes,14,3,4,80,0,31,0,2,10,9,5,9,0.90878665447235107,0.09121336042881012
985,31,Travel_Rarely,330,Research & Development,22,4,Medical,1,1389,4,Male,98,3,2,Manufacturing Director,3,Married,6179,21057,1,Y,Yes,15,3,4,80,2,10,3,2,10,2,6,7,0.97129207849502563,0.028707860037684441
142,38,Travel_Rarely,364,Research & Development,3,5,Technical Degree,1,193,4,Female,32,3,2,Research Scientist,3,Single,4317,2302,3,Y,Yes,20,4,2,80,0,19,2,3,3,2,2,2,0.9561694860458374,0.043830506503582001
330,43,Travel_Frequently,559,Research & Development,10,4,Life Sciences,1,448,3,Female,82,2,2,Laboratory Technician,3,Divorced,5257,6227,1,Y,No,11,3,2,80,1,9,3,4,9,7,0,0,0.96245747804641724,0.037542529404163361
1,49,Travel_Frequently,279,Research & Development,8,1,Life Sciences,1,2,3,Male,61,2,2,Research Scientist,2,Married,5130,24907,1,Y,No,23,4,4,80,1,10,3,3,10,7,1,7,0.99358975887298584,0.0064102807082235813
393,34,Non-Travel,1381,Sales,4,4,Marketing,1,523,3,Female,72,3,2,Sales Executive,3,Married,6538,12740,9,Y,No,15,3,1,80,1,6,3,3,3,2,1,2,0.98961871862411499,0.01038123294711113
1349,26,Travel_Rarely,482,Research & Development,1,2,Life Sciences,1,1893,2,Female,90,2,1,Research Scientist,3,Married,2933,14908,1,Y,Yes,13,3,3,80,1,1,3,2,1,0,1,0,0.72403895854949951,0.27596107125282288
1438,23,Travel_Frequently,638,Sales,9,3,Marketing,1,2023,4,Male,33,3,1,Sales Representative,1,Married,1790,26956,1,Y,No,19,3,1,80,1,1,3,2,1,0,1,0,0.11269883066415787,0.88730114698410034
39,33,Travel_Frequently,1141,Sales,1,3,Life Sciences,1,52,3,Female,42,4,2,Sales Executive,1,Married,5376,3193,2,Y,No,19,3,1,80,2,10,3,3,5,3,1,3,0.98910576105117798,0.010894190520048141
1103,48,Travel_Rarely,492,Sales,16,4,Life Sciences,1,1557,3,Female,96,3,2,Sales Executive,3,Divorced,6439,13693,8,Y,No,14,3,3,80,1,18,2,3,8,7,7,7,0.98776811361312866,0.012231827713549137
892,19,Non-Travel,504,Research & Development,10,3,Medical,1,1248,1,Female,96,2,1,Research Scientist,2,Single,1859,6148,1,Y,Yes,25,4,2,80,0,1,2,4,1,1,0,0,0.1128111332654953,0.88718891143798828
506,37,Travel_Rarely,482,Research & Development,3,3,Other,1,689,3,Male,36,3,3,Manufacturing Director,3,Married,9434,9606,1,Y,No,15,3,3,80,1,10,2,3,10,7,7,8,0.98869401216506958,0.011305985040962696
657,29,Travel_Rarely,1086,Research & Development,7,1,Medical,1,912,1,Female,62,2,1,Laboratory Technician,4,Divorced,2532,6054,6,Y,No,14,3,3,80,3,8,5,3,4,3,0,3,0.94956177473068237,0.050438262522220612
473,49,Travel_Rarely,1245,Research & Development,18,4,Life Sciences,1,638,4,Male,58,2,5,Research Director,3,Divorced,19502,2125,1,Y,Yes,17,3,3,80,1,31,5,3,31,9,0,9,0.99359303712844849,0.0064069102518260479
970,27,Travel_Rarely,1291,Sales,11,3,Medical,1,1364,3,Female,98,4,1,Sales Representative,4,Married,2534,6527,8,Y,No,14,3,2,80,1,5,4,3,1,0,0,0,0.89566397666931152,0.1043359562754631
1074,33,Travel_Rarely,516,Research & Development,8,5,Life Sciences,1,1515,4,Male,69,3,2,Healthcare Representative,3,Single,6388,22049,2,Y,Yes,17,3,1,80,0,14,6,3,0,0,0,0,0.6674150824546814,0.33258488774299622
108,25,Travel_Rarely,1280,Research & Development,7,1,Medical,1,143,4,Male,64,2,1,Research Scientist,4,Married,2889,26897,1,Y,No,11,3,3,80,2,2,2,3,2,2,2,1,0.96942758560180664,0.030572455376386642
1399,43,Travel_Rarely,574,Research & Development,11,3,Life Sciences,1,1971,1,Male,30,3,3,Healthcare Representative,3,Married,7510,16873,1,Y,No,17,3,2,80,1,10,1,3,10,9,0,9,0.97774553298950195,0.022254476323723793
471,38,Travel_Rarely,1495,Research & Development,10,3,Medical,1,634,3,Female,76,3,2,Healthcare Representative,3,Married,9824,22174,3,Y,No,19,3,3,80,1,18,4,3,1,0,0,0,0.99415343999862671,0.0058466009795665741
113,24,Travel_Rarely,1127,Research & Development,18,1,Life Sciences,1,150,2,Male,52,3,1,Laboratory Technician,3,Married,2774,13257,0,Y,No,12,3,3,80,1,6,2,3,5,3,1,2,0.98207753896713257,0.01792248897254467
89,46,Travel_Rarely,669,Sales,9,2,Medical,1,118,3,Male,64,2,3,Sales Executive,4,Single,9619,13596,1,Y,No,16,3,4,80,0,9,3,3,9,8,4,7,0.95343023538589478,0.04656977578997612
182,41,Travel_Rarely,1356,Sales,20,2,Marketing,1,248,2,Female,70,3,1,Sales Representative,2,Single,3140,21728,1,Y,Yes,22,4,4,80,0,4,5,2,4,3,0,2,0.33307737112045288,0.66692262887954712
159,34,Travel_Frequently,303,Sales,2,4,Marketing,1,216,3,Female,75,3,1,Sales Representative,3,Married,2231,11314,6,Y,No,18,3,4,80,1,6,3,3,4,3,1,2,0.92853069305419922,0.071469344198703766
461,35,Travel_Rarely,195,Sales,1,3,Medical,1,620,1,Female,80,3,2,Sales Executive,3,Single,4859,6698,1,Y,No,16,3,4,80,0,5,3,3,5,4,0,3,0.96343517303466797,0.036564826965332031
310,31,Travel_Rarely,106,Human Resources,2,3,Human Resources,1,424,1,Male,62,2,2,Human Resources,1,Married,6410,17822,3,Y,No,12,3,4,80,0,9,1,3,2,2,1,0,0.68006336688995361,0.31993666291236877
1023,56,Travel_Rarely,1255,Research & Development,1,2,Life Sciences,1,1441,1,Female,90,3,1,Research Scientist,1,Married,2066,10494,2,Y,No,22,4,4,80,1,5,3,4,3,2,1,0,0.94839084148406982,0.051609184592962265
1279,44,Travel_Frequently,429,Research & Development,1,2,Medical,1,1792,3,Male,99,3,1,Research Scientist,2,Divorced,2342,11092,1,Y,Yes,12,3,3,80,3,6,2,2,5,3,2,3,0.90348726511001587,0.096512734889984131
1114,48,Travel_Rarely,1108,Research & Development,15,4,Other,1,1576,3,Female,65,3,1,Research Scientist,1,Married,2367,16530,8,Y,No,12,3,4,80,1,10,3,2,8,2,7,6,0.96512824296951294,0.034871738404035568
295,42,Travel_Frequently,555,Sales,26,3,Marketing,1,404,3,Female,77,3,4,Sales Executive,2,Married,13525,14864,5,Y,No,14,3,4,80,1,23,2,4,20,4,4,8,0.94740498065948486,0.052594970911741257
1183,36,Travel_Rarely,1040,Research & Development,3,2,Life Sciences,1,1664,4,Male,79,4,2,Healthcare Representative,1,Divorced,6842,26308,6,Y,No,20,4,1,80,1,13,3,3,5,4,0,4,0.99617308378219604,0.0038269131910055876
787,55,Travel_Frequently,1091,Research & Development,2,1,Life Sciences,1,1096,4,Male,65,3,3,Manufacturing Director,2,Married,10976,15813,3,Y,No,18,3,2,80,1,23,4,3,3,2,1,2,0.99606674909591675,0.00393323739990592
302,28,Travel_Rarely,1476,Research & Development,16,2,Medical,1,412,2,Male,68,4,2,Healthcare Representative,1,Single,5661,4824,0,Y,No,19,3,3,80,0,9,2,3,8,3,0,7,0.98221844434738159,0.017781546339392662
989,37,Travel_Rarely,1439,Research & Development,4,1,Life Sciences,1,1394,3,Male,54,3,1,Research Scientist,3,Married,2996,5182,7,Y,Yes,15,3,4,80,0,8,2,3,6,4,1,3,0.91341698169708252,0.086583033204078674
1229,40,Travel_Rarely,369,Research & Development,8,2,Life Sciences,1,1724,2,Female,92,3,2,Manufacturing Director,1,Married,6516,5041,2,Y,Yes,16,3,2,80,1,18,3,3,1,0,0,0,0.97738385200500488,0.022616103291511536
1056,28,Travel_Frequently,1496,Sales,1,3,Technical Degree,1,1486,1,Male,92,3,1,Sales Representative,3,Married,2909,15747,3,Y,No,15,3,4,80,1,5,3,4,3,2,1,2,0.73626333475112915,0.26373669505119324
1306,31,Travel_Frequently,1125,Sales,7,4,Marketing,1,1833,1,Female,68,3,3,Sales Executive,1,Married,9637,8277,2,Y,No,14,3,4,80,2,9,3,3,3,2,2,2,0.8934062123298645,0.10659381002187729
47,37,Travel_Rarely,408,Research & Development,19,2,Life Sciences,1,61,2,Male,73,3,1,Research Scientist,2,Married,3022,10227,4,Y,No,21,4,1,80,0,8,1,3,1,0,0,0,0.80414587259292603,0.19585411250591278
783,41,Travel_Rarely,509,Research & Development,7,2,Technical Degree,1,1085,2,Female,43,4,1,Research Scientist,3,Married,3376,18863,1,Y,No,13,3,3,80,0,10,3,3,10,6,0,8,0.97589057683944702,0.024109451100230217
122,56,Travel_Rarely,441,Research & Development,14,4,Life Sciences,1,161,2,Female,72,3,1,Research Scientist,2,Married,4963,4510,9,Y,Yes,18,3,1,80,3,7,2,3,5,4,4,3,0.91595786809921265,0.084042154252529144
575,54,Travel_Rarely,376,Research & Development,19,4,Medical,1,799,4,Female,95,3,2,Manufacturing Director,1,Divorced,5485,22670,9,Y,Yes,11,3,2,80,2,9,4,3,5,3,1,4,0.98274832963943481,0.017251644283533096
981,35,Travel_Frequently,662,Sales,18,4,Marketing,1,1380,4,Female,67,3,2,Sales Executive,3,Married,4614,23288,0,Y,Yes,18,3,3,80,1,5,0,2,4,2,3,2,0.80817329883575439,0.19182670116424561
1408,23,Travel_Rarely,571,Research & Development,12,2,Other,1,1982,4,Male,78,3,1,Laboratory Technician,4,Single,2647,13672,1,Y,No,13,3,3,80,0,5,6,4,5,2,1,4,0.83032447099685669,0.1696755439043045
554,27,Travel_Rarely,975,Research & Development,7,3,Medical,1,764,4,Female,55,2,2,Healthcare Representative,1,Single,6811,23398,8,Y,No,19,3,1,80,0,9,2,1,7,6,0,7,0.90024936199188232,0.099750630557537079
31,44,Travel_Rarely,1459,Research & Development,10,4,Other,1,40,4,Male,41,3,2,Healthcare Representative,4,Married,6465,19121,2,Y,Yes,13,3,4,80,0,9,5,4,4,2,1,3,0.97075247764587402,0.029247529804706573
1361,26,Travel_Frequently,1096,Research & Development,6,3,Other,1,1918,3,Male,61,4,1,Laboratory Technician,4,Married,2544,7102,0,Y,No,18,3,1,80,1,8,3,3,7,7,7,7,0.91652894020080566,0.083471044898033142
1019,36,Travel_Rarely,329,Sales,16,4,Marketing,1,1436,3,Female,98,2,2,Sales Executive,1,Married,5647,13494,4,Y,No,13,3,1,80,2,11,3,2,3,2,0,2,0.95389759540557861,0.046102382242679596
299,51,Travel_Rarely,1302,Research & Development,2,3,Medical,1,408,4,Male,84,1,2,Manufacturing Director,2,Divorced,5482,16321,5,Y,No,18,3,4,80,1,13,3,3,4,1,1,2,0.99788624048233032,0.0021138025913387537
516,23,Travel_Rarely,885,Research & Development,4,3,Medical,1,705,1,Male,58,4,1,Research Scientist,1,Married,2819,8544,2,Y,No,16,3,1,80,1,5,3,4,3,2,0,2,0.92012280225753784,0.079877123236656189
1083,40,Travel_Rarely,676,Research & Development,9,4,Life Sciences,1,1534,4,Male,86,3,1,Laboratory Technician,1,Single,2018,21831,3,Y,No,14,3,2,80,0,15,3,1,5,4,1,0,0.74942266941070557,0.25057736039161682
1137,22,Non-Travel,457,Research & Development,26,2,Other,1,1605,2,Female,85,2,1,Research Scientist,3,Married,2814,10293,1,Y,Yes,14,3,2,80,0,4,2,2,4,2,1,3,0.72413820028305054,0.27586182951927185
96,24,Travel_Rarely,1353,Sales,3,2,Other,1,128,1,Female,33,3,2,Sales Executive,3,Married,4999,17519,0,Y,No,21,4,1,80,1,4,2,2,3,2,0,2,0.96394354104995728,0.036056455224752426
270,55,Travel_Rarely,452,Research & Development,1,3,Medical,1,374,4,Male,81,3,5,Manager,1,Single,19045,18938,0,Y,Yes,14,3,3,80,0,37,2,3,36,10,4,13,0.93521612882614136,0.064783908426761627
52,44,Travel_Rarely,1488,Sales,1,5,Marketing,1,68,2,Female,75,3,2,Sales Executive,1,Divorced,5454,4009,5,Y,Yes,21,4,3,80,1,9,2,2,4,3,1,3,0.92161440849304199,0.078385643661022186
1385,34,Travel_Rarely,1239,Sales,13,4,Medical,1,1951,4,Male,39,3,3,Sales Executive,3,Divorced,8628,22914,1,Y,No,18,3,3,80,1,9,2,2,8,7,1,1,0.97305649518966675,0.026943571865558624
45,41,Travel_Rarely,1360,Research & Development,12,3,Technical Degree,1,58,2,Female,49,3,5,Research Director,3,Married,19545,16280,1,Y,No,12,3,4,80,0,23,0,3,22,15,15,8,0.98687833547592163,0.013121629133820534
1413,25,Travel_Rarely,977,Research & Development,2,1,Other,1,1992,4,Male,57,3,1,Laboratory Technician,3,Divorced,3977,7298,6,Y,Yes,19,3,3,80,1,7,2,2,2,2,0,2,0.71071738004684448,0.28928261995315552
1288,35,Non-Travel,1180,Research & Development,2,2,Medical,1,1804,2,Male,90,3,2,Manufacturing Director,4,Divorced,5762,24442,2,Y,No,14,3,3,80,1,15,6,3,7,7,1,7,0.99975842237472534,0.00024153036065399647
785,40,Travel_Rarely,1492,Research & Development,20,4,Technical Degree,1,1092,1,Male,61,3,3,Healthcare Representative,4,Married,10322,26542,4,Y,No,20,4,4,80,1,14,6,3,11,10,11,1,0.9887201189994812,0.011279822327196598
376,51,Travel_Rarely,1178,Sales,14,2,Life Sciences,1,500,3,Female,87,3,2,Sales Executive,4,Married,4936,14862,4,Y,No,11,3,3,80,1,18,2,2,7,7,0,7,0.98991870880126953,0.010081312619149685
198,38,Travel_Rarely,1261,Research & Development,2,4,Life Sciences,1,271,4,Male,88,3,2,Manufacturing Director,3,Married,6553,7259,9,Y,No,14,3,2,80,0,14,3,3,1,0,0,0,0.99097365140914917,0.009026368148624897
993,25,Travel_Rarely,1372,Sales,18,1,Life Sciences,1,1399,1,Male,93,4,2,Sales Executive,3,Married,6232,12477,2,Y,No,11,3,2,80,0,6,3,2,3,2,1,2,0.91932731866836548,0.080672711133956909
187,55,Travel_Rarely,692,Research & Development,14,4,Medical,1,254,3,Male,61,4,5,Research Director,2,Single,18722,13339,8,Y,No,11,3,4,80,0,36,3,3,24,15,2,15,0.99333775043487549,0.0066622663289308548
867,50,Travel_Frequently,1421,Research & Development,2,3,Medical,1,1215,4,Female,30,3,4,Manager,1,Married,17856,9490,2,Y,No,22,4,3,80,1,32,3,3,2,2,2,2,0.99476480484008789,0.0052352068014442921
233,50,Travel_Rarely,854,Sales,1,4,Medical,1,323,4,Female,68,3,5,Manager,4,Divorced,19517,24118,3,Y,No,11,3,3,80,1,32,3,2,7,0,0,6,0.99766194820404053,0.0023380182683467865
740,35,Travel_Rarely,802,Research & Development,10,3,Other,1,1028,2,Male,45,3,1,Laboratory Technician,4,Divorced,3917,9541,1,Y,No,20,4,1,80,1,3,4,2,3,2,1,2,0.93234354257583618,0.067656420171260834
1084,34,Travel_Rarely,971,Sales,1,3,Technical Degree,1,1535,4,Male,64,2,3,Sales Executive,3,Married,7083,12288,1,Y,Yes,14,3,4,80,0,10,3,3,10,9,8,6,0.74647068977355957,0.25352925062179565
619,33,Travel_Rarely,586,Sales,1,3,Medical,1,855,1,Male,48,4,2,Sales Executive,1,Divorced,4037,21816,1,Y,No,22,4,1,80,1,9,5,3,9,8,0,8,0.96163386106491089,0.038366120308637619
1210,33,Travel_Rarely,267,Research & Development,21,3,Medical,1,1698,2,Male,79,4,1,Laboratory Technician,2,Married,2028,13637,1,Y,No,18,3,4,80,3,14,6,3,14,11,2,13,0.96062624454498291,0.039373785257339478
1096,40,Travel_Rarely,898,Human Resources,6,2,Medical,1,1550,3,Male,38,3,4,Manager,4,Single,16437,17381,1,Y,Yes,21,4,4,80,0,21,2,3,21,7,7,7,0.92139351367950439,0.078606441617012024
505,26,Travel_Rarely,991,Research & Development,6,3,Life Sciences,1,686,3,Female,71,3,1,Laboratory Technician,4,Married,2659,17759,1,Y,Yes,13,3,3,80,1,3,2,3,3,2,0,2,0.85029011964797974,0.14970988035202026
692,32,Travel_Rarely,498,Research & Development,3,4,Medical,1,966,3,Female,93,3,2,Manufacturing Director,1,Married,6725,13554,1,Y,No,12,3,3,80,1,8,2,4,8,7,6,3,0.99502241611480713,0.0049776346422731876
1120,38,Travel_Rarely,437,Sales,16,3,Life Sciences,1,1583,2,Female,90,3,2,Sales Executive,2,Single,4198,16379,2,Y,No,12,3,2,80,0,8,5,4,3,2,1,2,0.95365959405899048,0.046340472996234894
381,30,Travel_Rarely,202,Sales,2,1,Technical Degree,1,508,3,Male,72,3,1,Sales Representative,2,Married,2476,17434,1,Y,No,18,3,1,80,1,1,3,3,1,0,0,0,0.49420571327209473,0.50579428672790527
1425,33,Travel_Rarely,501,Research & Development,15,2,Medical,1,2009,2,Female,95,3,2,Healthcare Representative,4,Married,4878,21653,0,Y,Yes,13,3,1,80,1,10,6,3,9,7,8,1,0.98578763008117676,0.014212347567081451
1283,28,Travel_Rarely,1181,Research & Development,1,3,Life Sciences,1,1799,3,Male,82,3,1,Research Scientist,4,Married,2044,5531,1,Y,No,11,3,3,80,1,5,6,4,5,3,0,3,0.99118173122406006,0.0088182324543595314
1125,29,Travel_Frequently,995,Research & Development,2,1,Life Sciences,1,1590,1,Male,87,3,2,Healthcare Representative,4,Divorced,8853,24483,1,Y,No,19,3,4,80,1,6,0,4,6,4,1,3,0.98711526393890381,0.012884801253676414
1227,31,Travel_Rarely,741,Research & Development,2,4,Life Sciences,1,1721,2,Male,69,3,1,Laboratory Technician,3,Married,3477,18103,1,Y,No,14,3,4,80,1,6,2,4,5,2,0,3,0.95235621929168701,0.047643758356571198
1123,35,Travel_Rarely,670,Research & Development,10,4,Medical,1,1587,1,Female,51,3,2,Healthcare Representative,3,Single,6142,4223,3,Y,Yes,16,3,3,80,0,10,4,3,5,2,0,4,0.91595208644866943,0.084047883749008179
792,33,Travel_Frequently,827,Research & Development,29,4,Medical,1,1101,1,Female,54,2,2,Research Scientist,3,Single,4508,3129,1,Y,No,22,4,2,80,0,14,4,3,13,7,3,8,0.94362658262252808,0.056373391300439835
1397,54,Travel_Rarely,155,Research & Development,9,2,Life Sciences,1,1969,1,Female,67,3,2,Research Scientist,3,Married,2897,22474,3,Y,No,11,3,3,80,2,9,6,2,4,3,2,3,0.99417591094970703,0.005824060644954443
863,33,Travel_Rarely,147,Human Resources,2,3,Human Resources,1,1207,2,Male,99,3,1,Human Resources,3,Married,3600,8429,1,Y,No,13,3,4,80,1,5,2,3,5,4,1,4,0.9487798810005188,0.051220089197158813
940,39,Travel_Rarely,360,Research & Development,23,3,Medical,1,1310,3,Male,93,3,1,Research Scientist,1,Single,3904,22154,0,Y,No,13,3,1,80,0,6,2,3,5,2,0,3,0.89686107635498047,0.10313894599676132
1174,25,Travel_Frequently,772,Research & Development,2,1,Life Sciences,1,1653,4,Male,77,4,2,Manufacturing Director,3,Divorced,5206,4973,1,Y,No,17,3,3,80,2,7,6,3,7,7,0,7,0.99599248170852661,0.0040074982680380344
1090,29,Travel_Rarely,441,Research & Development,8,1,Other,1,1544,3,Female,39,1,2,Healthcare Representative,1,Married,9715,7288,3,Y,No,13,3,3,80,1,9,3,3,7,7,0,7,0.98846787214279175,0.01153209526091814
1368,34,Travel_Frequently,735,Research & Development,22,4,Other,1,1932,3,Male,86,2,2,Research Scientist,4,Married,5747,26496,1,Y,Yes,15,3,2,80,0,16,3,3,15,10,6,11,0.95682269334793091,0.043177314102649689
548,43,Travel_Frequently,775,Sales,15,3,Life Sciences,1,754,4,Male,47,2,2,Sales Executive,4,Married,6804,23683,3,Y,No,18,3,3,80,1,7,5,3,2,2,2,2,0.98086100816726685,0.019138943403959274
254,29,Travel_Rarely,1247,Sales,20,2,Marketing,1,349,4,Male,45,3,2,Sales Executive,4,Divorced,6931,10732,2,Y,No,14,3,4,80,1,10,2,3,3,2,0,2,0.98791182041168213,0.012088216841220856
1069,28,Travel_Rarely,1423,Research & Development,1,3,Life Sciences,1,1506,1,Male,72,2,1,Research Scientist,3,Divorced,1563,12530,1,Y,No,14,3,4,80,1,1,2,1,1,0,0,0,0.63212388753890991,0.36787611246109009
930,51,Travel_Frequently,968,Research & Development,6,2,Medical,1,1297,2,Female,40,2,1,Laboratory Technician,3,Single,2838,4257,0,Y,No,14,3,2,80,0,8,6,2,7,0,7,7,0.77048826217651367,0.22951175272464752
1263,42,Travel_Rarely,855,Research & Development,12,3,Medical,1,1768,2,Male,57,3,1,Laboratory Technician,2,Divorced,2766,8952,8,Y,No,22,4,2,80,3,7,6,2,5,3,0,4,0.9599643349647522,0.040035665035247803
983,34,Travel_Rarely,404,Research & Development,2,4,Technical Degree,1,1383,3,Female,98,3,2,Healthcare Representative,4,Single,6687,6163,1,Y,No,11,3,4,80,0,14,2,4,14,11,4,11,0.97663599252700806,0.023364029824733734
742,50,Travel_Rarely,804,Research & Development,9,3,Life Sciences,1,1030,1,Male,64,3,1,Laboratory Technician,4,Married,2380,20165,4,Y,No,18,3,2,80,0,8,5,3,1,0,0,0,0.65923631191253662,0.34076368808746338
1400,38,Travel_Frequently,1444,Human Resources,1,4,Other,1,1972,4,Male,88,3,1,Human Resources,2,Married,2991,5224,0,Y,Yes,11,3,2,80,1,7,2,3,6,2,1,2,0.8183286190032959,0.18167142570018768
572,29,Travel_Rarely,657,Research & Development,27,3,Medical,1,793,2,Female,66,3,2,Healthcare Representative,3,Married,4335,25549,4,Y,No,12,3,1,80,1,11,3,2,8,7,1,1,0.9878125786781311,0.012187454849481583
353,37,Travel_Rarely,1319,Research & Development,6,3,Medical,1,474,3,Male,51,4,2,Research Scientist,1,Divorced,5974,17001,4,Y,Yes,13,3,1,80,2,13,2,3,7,7,6,7,0.95927965641021729,0.040720392018556595
528,50,Travel_Frequently,562,Sales,8,2,Technical Degree,1,723,2,Male,50,3,2,Sales Executive,3,Married,6796,23452,3,Y,Yes,14,3,1,80,1,18,4,3,4,3,1,3,0.87480396032333374,0.12519608438014984
574,34,Travel_Rarely,182,Research & Development,1,4,Life Sciences,1,797,2,Female,72,4,1,Research Scientist,4,Single,3280,13551,2,Y,No,16,3,3,80,0,10,2,3,4,2,1,3,0.98332118988037109,0.016678828746080399
53,35,Non-Travel,1097,Research & Development,11,2,Medical,1,70,3,Male,79,2,3,Healthcare Representative,1,Married,9884,8302,2,Y,Yes,13,3,3,80,1,10,3,3,4,0,2,3,0.93991565704345703,0.060084380209445953
1412,30,Travel_Rarely,911,Research & Development,1,2,Medical,1,1989,4,Male,76,3,1,Laboratory Technician,2,Married,3748,4077,1,Y,No,13,3,3,80,0,12,6,2,12,8,1,7,0.95604068040847778,0.04395926371216774
1179,34,Travel_Rarely,1130,Research & Development,3,3,Life Sciences,1,1658,4,Female,66,3,2,Research Scientist,2,Divorced,5433,19332,1,Y,No,12,3,3,80,1,11,2,3,11,8,7,9,0.99678683280944824,0.0032132221385836601
364,37,Travel_Rarely,921,Research & Development,10,3,Medical,1,486,3,Female,98,3,1,Laboratory Technician,1,Married,3452,17663,6,Y,No,20,4,2,80,1,17,3,3,5,4,0,3,0.97952854633331299,0.020471503958106041
1330,43,Travel_Rarely,823,Research & Development,6,3,Medical,1,1866,1,Female,81,2,5,Manager,3,Married,19392,22539,7,Y,No,13,3,4,80,0,21,2,3,16,12,6,14,0.97333037853240967,0.026669580489397049
54,26,Travel_Rarely,1443,Sales,23,3,Marketing,1,72,3,Female,47,2,2,Sales Executive,4,Married,4157,21436,7,Y,Yes,19,3,3,80,1,5,2,2,2,2,0,0,0.57296121120452881,0.42703884840011597
1039,34,Travel_Rarely,1107,Human Resources,9,4,Technical Degree,1,1467,1,Female,52,3,1,Human Resources,3,Married,2742,3072,1,Y,No,15,3,4,80,0,2,0,3,2,2,2,2,0.66726535558700562,0.332734614610672
1332,29,Travel_Frequently,459,Research & Development,24,2,Life Sciences,1,1868,4,Male,73,2,1,Research Scientist,4,Single,2439,14753,1,Y,Yes,24,4,2,80,0,1,3,2,1,0,1,0,0.12355794012546539,0.87644201517105103
641,32,Travel_Frequently,379,Sales,5,2,Life Sciences,1,889,2,Male,48,3,2,Sales Executive,2,Married,6524,8891,1,Y,No,14,3,4,80,1,10,3,3,10,8,5,3,0.98835736513137817,0.011642641387879848
1347,36,Travel_Frequently,1213,Human Resources,2,1,Human Resources,1,1890,2,Male,94,2,2,Human Resources,4,Single,3886,4223,1,Y,No,21,4,4,80,0,10,2,2,10,1,0,8,0.91296845674514771,0.087031498551368713
85,56,Travel_Rarely,1400,Research & Development,7,3,Life Sciences,1,112,4,Male,49,1,3,Manufacturing Director,4,Single,7260,21698,4,Y,No,11,3,1,80,0,37,3,2,6,4,0,2,0.96160984039306641,0.038390181958675385
474,24,Travel_Rarely,691,Research & Development,23,3,Medical,1,639,2,Male,89,4,1,Research Scientist,4,Married,2725,21630,1,Y,Yes,11,3,2,80,2,6,3,3,6,5,1,4,0.94071662425994873,0.059283379465341568
4,27,Travel_Rarely,591,Research & Development,2,1,Medical,1,7,1,Male,40,3,1,Laboratory Technician,2,Married,3468,16632,9,Y,No,12,3,4,80,1,6,3,3,2,2,2,2,0.93606579303741455,0.063934251666069031
9,36,Travel_Rarely,1299,Research & Development,27,3,Medical,1,13,3,Male,94,3,2,Healthcare Representative,3,Married,5237,16577,6,Y,No,13,3,2,80,2,17,3,2,7,7,7,7,0.99069303274154663,0.0093069877475500107
1034,45,Travel_Rarely,1038,Research & Development,20,3,Medical,1,1460,2,Male,95,1,3,Healthcare Representative,1,Divorced,10851,19863,2,Y,Yes,18,3,2,80,1,24,2,3,7,7,0,7,0.88484543561935425,0.11515460908412933
1026,32,Travel_Rarely,601,Sales,7,5,Marketing,1,1446,4,Male,97,3,2,Sales Executive,4,Married,9204,23343,4,Y,No,12,3,3,80,1,7,3,2,4,3,0,3,0.98280197381973267,0.017197988927364349
124,31,Travel_Rarely,249,Sales,6,4,Life Sciences,1,163,2,Male,76,1,2,Sales Executive,3,Married,6172,20739,4,Y,Yes,18,3,2,80,0,12,3,2,7,7,7,7,0.7079426646232605,0.2920573353767395
1310,58,Travel_Frequently,1216,Research & Development,15,4,Life Sciences,1,1837,1,Male,87,3,4,Research Director,3,Married,15787,21624,2,Y,Yes,14,3,2,80,0,23,3,3,2,2,2,2,0.93210238218307495,0.067897610366344452
924,35,Travel_Rarely,735,Research & Development,6,1,Life Sciences,1,1291,3,Male,66,3,1,Research Scientist,3,Married,3506,6020,0,Y,Yes,14,3,4,80,0,4,3,3,3,2,2,2,0.95029550790786743,0.049704480916261673
1308,38,Travel_Rarely,723,Sales,2,4,Marketing,1,1835,2,Female,77,1,2,Sales Representative,4,Married,5405,4244,2,Y,Yes,20,4,1,80,2,20,4,2,4,2,0,3,0.85472160577774048,0.14527834951877594
360,57,Travel_Rarely,593,Research & Development,1,4,Medical,1,482,4,Male,88,3,2,Healthcare Representative,3,Married,6755,2967,2,Y,No,11,3,3,80,0,15,2,3,3,2,1,2,0.99254465103149414,0.0074554127641022205
728,54,Travel_Rarely,1441,Research & Development,17,3,Technical Degree,1,1013,3,Female,56,3,3,Manufacturing Director,3,Married,10739,13943,8,Y,No,11,3,3,80,1,22,2,3,10,7,0,8,0.98685067892074585,0.013149308040738106
489,43,Travel_Rarely,782,Research & Development,6,4,Other,1,661,2,Male,50,2,4,Research Director,4,Divorced,16627,2671,4,Y,Yes,14,3,3,80,1,21,3,2,1,0,0,0,0.97589850425720215,0.024101508781313896
1269,43,Travel_Rarely,244,Human Resources,2,3,Life Sciences,1,1778,2,Male,97,3,1,Human Resources,4,Single,3539,5033,0,Y,No,13,3,2,80,0,10,5,3,9,7,1,8,0.96697801351547241,0.033021960407495499
629,28,Travel_Rarely,1169,Human Resources,8,2,Medical,1,869,2,Male,63,2,1,Human Resources,4,Divorced,4936,23965,1,Y,No,13,3,4,80,1,6,6,3,5,1,0,4,0.98660451173782349,0.01339541282504797
483,35,Travel_Rarely,538,Research & Development,25,2,Other,1,652,1,Male,54,2,2,Laboratory Technician,4,Single,3681,14004,4,Y,No,14,3,4,80,0,9,3,3,3,2,0,2,0.94837731122970581,0.05162261426448822
1396,53,Travel_Rarely,1168,Sales,24,4,Life Sciences,1,1968,1,Male,66,3,3,Sales Executive,1,Single,10448,5843,6,Y,Yes,13,3,2,80,0,15,2,2,2,2,2,2,0.1639527827501297,0.83604717254638672
1452,50,Travel_Frequently,878,Sales,1,4,Life Sciences,1,2044,2,Male,94,3,2,Sales Executive,3,Divorced,6728,14255,7,Y,No,12,3,4,80,2,12,3,3,6,3,0,1,0.9899897575378418,0.010010271333158016
1440,36,Travel_Frequently,688,Research & Development,4,2,Life Sciences,1,2025,4,Female,97,3,2,Manufacturing Director,2,Divorced,5131,9192,7,Y,No,13,3,2,80,3,18,3,3,4,2,0,2,0.99731510877609253,0.0026849091518670321
638,25,Travel_Rarely,583,Sales,4,1,Marketing,1,885,3,Male,87,2,2,Sales Executive,1,Married,4256,18154,1,Y,No,12,3,1,80,0,5,1,4,5,2,0,3,0.73883754014968872,0.26116243004798889
898,43,Travel_Rarely,920,Research & Development,3,3,Life Sciences,1,1255,3,Male,96,1,5,Research Director,4,Married,19740,18625,3,Y,No,14,3,2,80,1,25,2,3,8,7,0,7,0.99738723039627075,0.0026128080207854509
1218,41,Travel_Rarely,918,Sales,6,3,Marketing,1,1708,4,Male,35,3,3,Sales Executive,3,Single,9241,15869,1,Y,No,12,3,2,80,0,10,3,3,10,8,8,7,0.86600363254547119,0.13399642705917358
29,46,Travel_Rarely,705,Sales,2,4,Marketing,1,38,2,Female,83,3,5,Manager,1,Single,18947,22822,3,Y,No,12,3,4,80,0,22,2,2,2,2,2,1,0.91205960512161255,0.087940357625484467
80,30,Travel_Rarely,852,Research & Development,1,1,Life Sciences,1,104,4,Male,55,2,2,Laboratory Technician,4,Married,5126,15998,1,Y,Yes,12,3,3,80,2,10,1,2,10,8,3,0,0.90718525648117065,0.092814713716506958
1086,50,Travel_Frequently,333,Research & Development,22,5,Medical,1,1539,3,Male,88,1,4,Research Director,4,Single,14411,24450,1,Y,Yes,13,3,4,80,0,32,2,3,32,6,13,9,0.86854773759841919,0.1314522922039032
651,47,Travel_Rarely,249,Sales,2,2,Marketing,1,903,3,Female,35,3,2,Sales Executive,4,Married,4537,17783,0,Y,Yes,22,4,1,80,1,8,2,3,7,6,7,7,0.93384593725204468,0.066154085099697113
1038,48,Travel_Rarely,1221,Sales,7,3,Marketing,1,1466,3,Male,96,3,2,Sales Executive,1,Divorced,5486,24795,4,Y,No,11,3,1,80,3,15,3,3,2,2,2,2,0.92601734399795532,0.073982663452625275
693,36,Travel_Rarely,530,Sales,3,1,Life Sciences,1,967,3,Male,51,2,3,Sales Executive,4,Married,10325,5518,1,Y,Yes,11,3,1,80,1,16,6,3,16,7,3,7,0.88511204719543457,0.11488793045282364
874,30,Travel_Rarely,853,Research & Development,7,4,Life Sciences,1,1224,3,Male,49,3,2,Laboratory Technician,3,Divorced,3491,11309,1,Y,No,13,3,1,80,3,10,4,2,10,7,8,9,0.97108465433120728,0.028915291652083397
333,43,Travel_Rarely,1001,Research & Development,7,3,Life Sciences,1,451,3,Female,43,3,3,Healthcare Representative,1,Married,9985,9262,8,Y,No,16,3,1,80,1,10,1,2,1,0,0,0,0.88046127557754517,0.11953873932361603
1158,37,Travel_Rarely,671,Research & Development,19,3,Life Sciences,1,1631,3,Male,85,3,2,Manufacturing Director,3,Married,5768,26493,3,Y,No,17,3,1,80,3,9,2,2,4,3,0,2,0.99305278062820435,0.0069472221657633781
608,55,Travel_Rarely,436,Sales,2,1,Medical,1,842,3,Male,37,3,2,Sales Executive,4,Single,5160,21519,4,Y,No,16,3,3,80,0,12,3,2,9,7,7,3,0.98086941242218018,0.01913062110543251
1410,40,Travel_Rarely,444,Sales,2,2,Marketing,1,1986,2,Female,92,3,2,Sales Executive,2,Married,5677,4258,3,Y,No,14,3,3,80,1,15,4,3,11,8,5,10,0.99620538949966431,0.0037946668453514576
107,25,Travel_Rarely,240,Sales,5,3,Marketing,1,142,3,Male,46,2,2,Sales Executive,3,Single,5744,26959,1,Y,Yes,11,3,4,80,0,6,1,3,6,4,0,3,0.43892800807952881,0.56107199192047119
634,25,Travel_Rarely,141,Sales,3,1,Other,1,879,3,Male,98,3,2,Sales Executive,1,Married,4194,14363,1,Y,Yes,18,3,4,80,0,5,3,3,5,3,0,3,0.83632475137710571,0.16367529332637787
965,25,Travel_Rarely,882,Research & Development,19,1,Medical,1,1358,4,Male,67,3,1,Laboratory Technician,4,Married,3669,9075,3,Y,No,11,3,3,80,3,7,6,2,3,2,1,2,0.95014417171478271,0.04985586553812027
27,42,Travel_Rarely,691,Sales,8,4,Marketing,1,35,3,Male,48,3,2,Sales Executive,2,Married,6825,21173,0,Y,No,11,3,4,80,1,10,2,3,9,7,4,2,0.98964357376098633,0.010356441140174866
315,43,Travel_Frequently,185,Research & Development,10,4,Life Sciences,1,430,3,Female,33,3,1,Laboratory Technician,4,Single,2455,10675,0,Y,No,19,3,1,80,0,9,5,3,8,7,1,7,0.92087161540985107,0.079128444194793701
487,20,Travel_Rarely,959,Research & Development,1,3,Life Sciences,1,657,4,Female,83,2,1,Research Scientist,2,Single,2836,11757,1,Y,No,13,3,4,80,0,1,0,4,1,0,0,0,0.61188650131225586,0.38811346888542175
412,46,Travel_Rarely,1485,Research & Development,18,3,Medical,1,550,3,Female,87,3,2,Manufacturing Director,3,Divorced,4810,26314,2,Y,No,14,3,3,80,1,19,5,2,10,7,0,8,0.99903935194015503,0.00096059992210939527
175,56,Travel_Rarely,713,Research & Development,8,3,Life Sciences,1,241,3,Female,67,3,1,Research Scientist,1,Divorced,4257,13939,4,Y,Yes,18,3,3,80,1,19,3,3,2,2,2,2,0.96468961238861084,0.035310432314872742
481,34,Travel_Rarely,254,Research & Development,1,2,Life Sciences,1,649,2,Male,83,2,1,Research Scientist,4,Married,3622,22794,1,Y,Yes,13,3,4,80,1,6,3,3,6,5,1,3,0.98241972923278809,0.017580259591341019
482,31,Travel_Rarely,1365,Sales,13,4,Medical,1,650,2,Male,46,3,2,Sales Executive,1,Divorced,4233,11512,2,Y,No,17,3,3,80,0,9,2,1,3,1,1,2,0.89800721406936646,0.10199271142482758
1318,29,Travel_Frequently,574,Research & Development,20,1,Medical,1,1852,4,Male,40,3,1,Laboratory Technician,4,Married,3812,7003,1,Y,No,13,3,2,80,0,11,3,4,11,8,3,10,0.86211711168289185,0.13788293302059174
148,41,Travel_Rarely,933,Research & Development,9,4,Life Sciences,1,200,3,Male,94,3,1,Laboratory Technician,1,Married,2238,6961,2,Y,No,21,4,4,80,1,7,2,3,5,0,1,4,0.9485551118850708,0.051444891840219498
794,34,Travel_Frequently,618,Research & Development,3,1,Life Sciences,1,1103,1,Male,45,3,2,Healthcare Representative,4,Single,7756,22266,0,Y,No,17,3,3,80,0,7,1,2,6,2,0,4,0.91654294729232788,0.083457037806510925
223,38,Travel_Rarely,119,Sales,3,3,Life Sciences,1,307,1,Male,76,3,3,Sales Executive,3,Divorced,10609,9647,0,Y,No,12,3,3,80,2,17,6,2,16,10,5,13,0.97574949264526367,0.024250522255897522
55,33,Travel_Frequently,515,Research & Development,1,2,Life Sciences,1,73,1,Female,98,3,3,Research Director,4,Single,13458,15146,1,Y,Yes,12,3,3,80,0,15,1,3,15,14,8,12,0.86355358362197876,0.13644641637802124
211,30,Non-Travel,829,Research & Development,1,1,Life Sciences,1,292,3,Male,88,2,3,Manufacturing Director,3,Single,8474,20925,1,Y,No,22,4,3,80,0,12,2,3,11,8,5,8,0.98696392774581909,0.013036118820309639
308,58,Non-Travel,390,Research & Development,1,4,Life Sciences,1,422,4,Male,32,1,2,Healthcare Representative,3,Divorced,5660,17056,2,Y,Yes,13,3,4,80,1,12,2,3,5,3,1,2,0.99134325981140137,0.0086566824465990067
980,31,Travel_Frequently,703,Sales,2,3,Life Sciences,1,1379,3,Female,90,2,1,Sales Representative,4,Single,2785,11882,7,Y,No,14,3,3,80,0,3,3,4,1,0,0,0,0.30593469738960266,0.69406533241271973
995,43,Travel_Rarely,930,Research & Development,6,3,Medical,1,1402,1,Female,73,2,2,Research Scientist,3,Single,4081,20003,1,Y,Yes,14,3,1,80,0,20,3,1,20,7,1,8,0.8178897500038147,0.18211022019386292
152,53,Travel_Rarely,1436,Sales,6,2,Marketing,1,205,2,Male,34,3,2,Sales Representative,3,Married,2306,16047,2,Y,Yes,20,4,4,80,1,13,3,1,7,7,4,5,0.85872972011566162,0.14127020537853241
1462,39,Travel_Rarely,722,Sales,24,1,Marketing,1,2056,2,Female,60,2,4,Sales Executive,4,Married,12031,8828,0,Y,No,11,3,1,80,1,21,2,2,20,9,9,6,0.9559141993522644,0.044085819274187088
1375,32,Travel_Frequently,238,Research & Development,5,2,Life Sciences,1,1939,1,Female,47,4,1,Research Scientist,3,Single,2432,15318,3,Y,Yes,14,3,1,80,0,8,2,3,4,1,0,3,0.44383803009986877,0.55616194009780884
1100,35,Travel_Rarely,1402,Sales,28,4,Life Sciences,1,1554,2,Female,98,2,1,Sales Representative,3,Married,2430,26204,0,Y,No,23,4,1,80,2,6,5,3,5,3,4,2,0.9697946310043335,0.030205432325601578
501,30,Travel_Frequently,160,Research & Development,3,3,Medical,1,680,3,Female,71,3,1,Research Scientist,3,Divorced,2083,22653,1,Y,No,20,4,3,80,1,1,2,3,1,0,0,0,0.83320069313049316,0.16679929196834564
425,50,Travel_Rarely,1099,Research & Development,29,4,Life Sciences,1,569,2,Male,88,2,4,Manager,3,Married,17046,9314,0,Y,No,15,3,2,80,1,28,2,3,27,10,15,7,0.99511897563934326,0.0048810006119310856
649,53,Travel_Rarely,102,Research & Development,23,4,Life Sciences,1,901,4,Female,72,3,4,Research Director,4,Single,14275,20206,6,Y,No,18,3,3,80,0,33,0,3,12,9,3,8,0.99293512105941772,0.0070648044347763062
34,24,Travel_Rarely,813,Research & Development,1,3,Medical,1,45,2,Male,61,3,1,Research Scientist,4,Married,2293,3020,2,Y,Yes,16,3,1,80,1,6,2,2,2,0,2,0,0.797821044921875,0.20217892527580261
1301,58,Non-Travel,350,Sales,2,3,Medical,1,1824,2,Male,52,3,4,Manager,2,Divorced,16291,22577,4,Y,No,22,4,4,80,1,37,0,2,16,9,14,14,0.99321633577346802,0.0067836511880159378
1093,42,Travel_Frequently,288,Research & Development,2,3,Life Sciences,1,1547,4,Male,40,3,3,Healthcare Representative,4,Married,10124,18611,2,Y,Yes,14,3,3,80,1,24,3,1,20,8,13,9,0.95105969905853271,0.048940297216176987
665,47,Travel_Rarely,1454,Sales,2,4,Life Sciences,1,925,4,Female,65,2,1,Sales Representative,4,Single,3294,13137,1,Y,Yes,18,3,1,80,0,3,3,2,3,2,1,2,0.61617803573608398,0.38382193446159363
875,44,Travel_Rarely,200,Research & Development,29,4,Other,1,1225,4,Male,32,3,2,Research Scientist,4,Single,4541,7744,1,Y,No,25,4,2,80,0,20,3,3,20,11,13,17,0.99516135454177856,0.0048386361449956894
1173,36,Travel_Rarely,711,Research & Development,5,4,Life Sciences,1,1651,2,Female,42,3,3,Healthcare Representative,1,Married,8008,22792,4,Y,No,12,3,3,80,2,9,6,3,3,2,0,2,0.99338030815124512,0.0066196932457387447
1075,32,Travel_Rarely,495,Research & Development,10,3,Medical,1,1516,3,Male,64,3,3,Manager,4,Single,11244,21072,2,Y,No,25,4,2,80,0,10,5,4,5,2,0,0,0.95208007097244263,0.047919929027557373
567,34,Travel_Rarely,304,Sales,2,3,Other,1,786,4,Male,60,3,2,Sales Executive,4,Single,6274,18686,1,Y,No,22,4,3,80,0,6,5,3,6,5,1,4,0.97118222713470459,0.028817757964134216
609,43,Travel_Rarely,589,Research & Development,14,2,Life Sciences,1,843,2,Male,94,3,4,Research Director,1,Married,17159,5200,6,Y,No,24,4,3,80,1,22,3,3,4,1,1,0,0.99303960800170898,0.0069603268057107925
459,41,Non-Travel,509,Research & Development,2,4,Other,1,616,1,Female,62,2,2,Healthcare Representative,3,Single,6811,2112,2,Y,Yes,17,3,1,80,0,10,3,3,8,7,0,7,0.87891775369644165,0.12108227610588074
202,34,Travel_Frequently,878,Research & Development,10,4,Medical,1,277,4,Male,43,3,1,Research Scientist,3,Divorced,3815,5972,1,Y,Yes,17,3,4,80,1,5,4,4,5,3,2,0,0.83506482839584351,0.16493517160415649
1079,39,Travel_Rarely,1089,Research & Development,6,3,Life Sciences,1,1525,2,Female,32,3,3,Manufacturing Director,2,Single,8376,9150,4,Y,No,18,3,4,80,0,9,3,3,2,0,2,2,0.98397129774093628,0.016028717160224915
1416,38,Travel_Rarely,1321,Sales,1,4,Life Sciences,1,1995,4,Male,86,3,2,Sales Executive,2,Married,4440,7636,0,Y,No,15,3,1,80,2,16,3,3,15,13,5,8,0.99795782566070557,0.0020421971566975117
656,32,Travel_Rarely,374,Research & Development,25,4,Life Sciences,1,911,1,Male,87,3,1,Laboratory Technician,4,Single,2795,18016,1,Y,Yes,24,4,3,80,0,1,2,1,1,0,0,1,0.068451620638370514,0.9315483570098877
580,35,Travel_Rarely,384,Sales,8,4,Life Sciences,1,805,1,Female,72,3,1,Sales Representative,4,Married,2572,20317,1,Y,No,16,3,2,80,1,3,1,2,3,2,0,2,0.90693783760070801,0.093062214553356171
1439,36,Travel_Rarely,557,Sales,3,3,Medical,1,2024,1,Female,94,2,3,Sales Executive,4,Married,7644,12695,0,Y,No,19,3,3,80,2,10,2,3,9,7,3,4,0.98034769296646118,0.019652331247925758
278,26,Travel_Frequently,1479,Research & Development,1,3,Life Sciences,1,384,3,Female,84,3,2,Manufacturing Director,2,Divorced,6397,26767,1,Y,No,20,4,1,80,1,6,6,1,6,5,1,4,0.99210381507873535,0.0078961104154586792
268,45,Travel_Rarely,1385,Research & Development,20,2,Medical,1,372,3,Male,79,3,4,Healthcare Representative,4,Married,13496,7501,0,Y,Yes,14,3,2,80,0,21,2,3,20,7,4,10,0.9884381890296936,0.011561778374016285
303,31,Travel_Rarely,218,Sales,7,3,Technical Degree,1,416,2,Male,100,4,2,Sales Executive,4,Married,6929,12241,4,Y,No,11,3,2,80,1,10,3,2,8,7,7,7,0.95321112871170044,0.046788889914751053
445,55,Travel_Rarely,1117,Sales,18,5,Life Sciences,1,597,1,Female,83,3,4,Manager,2,Single,16835,9873,3,Y,No,23,4,4,80,0,37,2,3,10,9,7,7,0.95005577802658081,0.049944151192903519
361,40,Travel_Rarely,1171,Research & Development,10,4,Life Sciences,1,483,4,Female,46,4,1,Laboratory Technician,3,Married,2213,22495,3,Y,Yes,13,3,3,80,1,10,3,3,7,7,1,7,0.95178461074829102,0.048215340822935104
1032,39,Non-Travel,592,Research & Development,2,3,Life Sciences,1,1458,1,Female,54,2,1,Laboratory Technician,1,Single,3646,17181,2,Y,Yes,23,4,2,80,0,11,2,4,1,0,0,0,0.063104629516601562,0.93689537048339844
942,36,Travel_Rarely,325,Research & Development,10,4,Technical Degree,1,1312,4,Female,63,3,3,Healthcare Representative,3,Married,7094,5747,3,Y,No,12,3,1,80,0,10,0,3,7,7,1,7,0.94787687063217163,0.052123159170150757
748,26,Non-Travel,265,Sales,29,2,Medical,1,1037,2,Male,79,1,2,Sales Executive,1,Single,4969,21813,8,Y,No,18,3,4,80,0,7,6,3,2,2,2,2,0.79483479261398315,0.20516519248485565
1411,25,Travel_Rarely,309,Human Resources,2,3,Human Resources,1,1987,3,Female,82,3,1,Human Resources,2,Married,2187,19655,4,Y,No,14,3,3,80,0,6,3,3,2,0,1,2,0.89960604906082153,0.10039394348859787
241,32,Non-Travel,976,Sales,26,4,Marketing,1,333,3,Male,100,3,2,Sales Executive,4,Married,4465,12069,0,Y,No,18,3,1,80,0,4,2,3,3,2,2,2,0.97215849161148071,0.027841465547680855
1064,30,Travel_Rarely,330,Human Resources,1,3,Life Sciences,1,1499,3,Male,46,3,1,Human Resources,3,Divorced,2064,15428,0,Y,No,21,4,1,80,1,6,3,4,5,3,1,3,0.98104941844940186,0.018950574100017548
1129,42,Travel_Rarely,1059,Research & Development,9,2,Other,1,1595,4,Male,93,2,5,Manager,4,Single,19613,26362,8,Y,No,22,4,4,80,0,24,2,3,1,0,0,1,0.94704091548919678,0.052959047257900238
215,41,Travel_Rarely,896,Sales,6,3,Life Sciences,1,298,4,Female,75,3,3,Manager,4,Single,13591,14674,3,Y,Yes,18,3,3,80,0,16,3,3,1,0,0,0,0.77999120950698853,0.22000880539417267
1341,31,Travel_Rarely,311,Research & Development,20,3,Life Sciences,1,1881,2,Male,89,3,2,Laboratory Technician,3,Divorced,4197,18624,1,Y,No,11,3,1,80,1,10,2,3,10,8,0,2,0.95382702350616455,0.046172957867383957
204,38,Travel_Rarely,1180,Research & Development,29,1,Medical,1,282,2,Male,70,3,2,Healthcare Representative,1,Married,6673,11354,7,Y,Yes,19,3,2,80,0,17,2,3,1,0,0,0,0.75137865543365479,0.24862132966518402
717,27,Travel_Rarely,1134,Research & Development,16,4,Technical Degree,1,1001,3,Female,37,3,1,Laboratory Technician,2,Married,2811,12086,9,Y,No,14,3,2,80,1,4,2,3,2,2,2,2,0.93592238426208496,0.064077600836753845
1430,38,Travel_Rarely,201,Research & Development,10,3,Medical,1,2015,2,Female,99,1,3,Research Director,3,Married,13206,3376,3,Y,No,12,3,1,80,1,20,3,3,18,16,1,11,0.99613416194915771,0.0038658399134874344
1460,29,Travel_Rarely,468,Research & Development,28,4,Medical,1,2054,4,Female,73,2,1,Research Scientist,1,Single,3785,8489,1,Y,No,14,3,2,80,0,5,3,1,5,4,0,4,0.87838929891586304,0.12161074578762054
1149,27,Travel_Rarely,1302,Research & Development,19,3,Other,1,1619,4,Male,67,2,1,Laboratory Technician,1,Divorced,4066,16290,1,Y,No,11,3,1,80,2,7,3,3,7,7,0,7,0.7968171238899231,0.2031828761100769
1236,36,Travel_Rarely,1456,Sales,13,5,Marketing,1,1733,2,Male,96,2,2,Sales Executive,1,Divorced,6134,8658,5,Y,Yes,13,3,2,80,3,16,3,3,2,2,2,2,0.83628135919570923,0.163718581199646
667,41,Travel_Rarely,1085,Research & Development,2,4,Life Sciences,1,927,2,Female,57,1,1,Laboratory Technician,4,Divorced,2778,17725,4,Y,Yes,13,3,3,80,1,10,1,2,7,7,1,0,0.78856867551803589,0.21143132448196411
610,27,Travel_Rarely,269,Research & Development,5,1,Technical Degree,1,844,3,Male,42,2,3,Research Director,4,Divorced,12808,8842,1,Y,Yes,16,3,2,80,1,9,3,3,9,8,0,8,0.98928064107894897,0.010719348676502705
1253,33,Non-Travel,1283,Sales,2,3,Marketing,1,1756,4,Female,62,3,2,Sales Executive,2,Single,5147,10697,8,Y,No,15,3,4,80,0,13,2,2,11,7,1,7,0.92190134525299072,0.078098691999912262
18,53,Travel_Rarely,1219,Sales,2,4,Life Sciences,1,23,1,Female,78,2,4,Manager,4,Married,15427,22021,2,Y,No,16,3,3,80,0,31,3,3,25,8,3,7,0.99183934926986694,0.0081606237217783928
587,52,Travel_Rarely,1325,Research & Development,11,4,Life Sciences,1,813,4,Female,82,3,2,Laboratory Technician,3,Married,3149,21821,8,Y,No,20,4,2,80,1,9,3,3,5,2,1,4,0.99569159746170044,0.0043083974160254002
479,24,Travel_Frequently,1287,Research & Development,7,3,Life Sciences,1,647,1,Female,55,3,1,Laboratory Technician,3,Married,2886,14168,1,Y,Yes,16,3,4,80,1,6,4,3,6,3,1,2,0.69296103715896606,0.30703899264335632
227,29,Travel_Frequently,1413,Sales,1,1,Medical,1,312,2,Female,42,3,3,Sales Executive,4,Married,7918,6599,1,Y,No,14,3,4,80,1,11,5,3,11,10,4,1,0.99243670701980591,0.0075632333755493164
722,38,Travel_Frequently,1391,Research & Development,10,1,Medical,1,1006,3,Male,66,3,1,Research Scientist,3,Married,2684,12127,0,Y,No,17,3,2,80,1,3,0,2,2,1,0,2,0.9808124303817749,0.019187543541193008
842,28,Travel_Rarely,1485,Research & Development,12,1,Life Sciences,1,1175,3,Female,79,3,1,Laboratory Technician,4,Married,2515,22955,1,Y,Yes,11,3,4,80,0,1,4,2,1,1,0,0,0.24455288052558899,0.7554471492767334
1292,39,Travel_Frequently,766,Sales,20,3,Life Sciences,1,1812,3,Male,83,3,2,Sales Executive,4,Divorced,4127,19188,2,Y,No,18,3,4,80,1,7,6,3,2,1,2,2,0.98665338754653931,0.013346592895686626
913,45,Travel_Rarely,1449,Sales,2,3,Marketing,1,1277,1,Female,94,1,5,Manager,2,Single,18824,2493,2,Y,Yes,16,3,1,80,0,26,2,3,24,10,1,11,0.6144789457321167,0.38552102446556091
853,19,Travel_Rarely,645,Research & Development,9,2,Life Sciences,1,1193,3,Male,54,3,1,Research Scientist,1,Single,2552,7172,1,Y,No,25,4,3,80,0,1,4,3,1,1,0,0,0.62708467245101929,0.37291532754898071
140,32,Travel_Rarely,1033,Research & Development,9,3,Medical,1,190,1,Female,41,3,1,Laboratory Technician,1,Single,4200,10224,7,Y,No,22,4,1,80,0,10,2,4,5,4,0,4,0.4432719349861145,0.5567280650138855
390,43,Travel_Rarely,982,Research & Development,12,3,Life Sciences,1,520,1,Male,59,2,4,Research Director,2,Divorced,14336,4345,1,Y,No,11,3,3,80,1,25,3,3,25,10,3,9,0.9948805570602417,0.0051194136030972004
161,27,Non-Travel,691,Research & Development,9,3,Medical,1,218,4,Male,57,3,1,Research Scientist,2,Divorced,2024,5970,6,Y,No,18,3,4,80,1,6,1,1,2,2,2,2,0.96861690282821655,0.031383104622364044
443,22,Travel_Frequently,1368,Research & Development,4,1,Technical Degree,1,593,3,Male,99,2,1,Laboratory Technician,3,Single,3894,9129,5,Y,No,16,3,3,80,0,4,3,3,2,2,1,2,0.52924799919128418,0.47075203061103821
319,32,Travel_Rarely,588,Sales,8,2,Technical Degree,1,436,3,Female,65,2,2,Sales Executive,2,Married,5228,24624,1,Y,Yes,11,3,4,80,0,13,2,3,13,12,11,9,0.71244162321090698,0.28755846619606018
1091,33,Travel_Rarely,575,Research & Development,25,3,Life Sciences,1,1545,4,Male,44,2,2,Manufacturing Director,2,Single,4320,24152,1,Y,No,13,3,4,80,0,5,2,3,5,3,0,2,0.98462426662445068,0.015375659801065922
1300,34,Travel_Rarely,810,Sales,8,2,Technical Degree,1,1823,2,Male,92,4,2,Sales Executive,3,Married,6799,22128,1,Y,No,21,4,3,80,2,10,5,3,10,8,4,8,0.98732507228851318,0.012674923054873943
1311,18,Non-Travel,1431,Research & Development,14,3,Medical,1,1839,2,Female,33,3,1,Research Scientist,3,Single,1514,8018,1,Y,No,16,3,3,80,0,0,4,1,0,0,0,0,0.60486716032028198,0.39513283967971802
231,42,Travel_Rarely,532,Research & Development,4,2,Technical Degree,1,319,3,Male,58,3,5,Manager,4,Married,19232,4933,1,Y,No,11,3,4,80,0,22,3,3,22,17,11,15,0.99135696887969971,0.0086429882794618607
1436,21,Travel_Rarely,501,Sales,5,1,Medical,1,2021,3,Male,58,3,1,Sales Representative,1,Single,2380,25479,1,Y,Yes,11,3,4,80,0,2,6,3,2,2,1,2,0.12686081230640411,0.87313920259475708
914,55,Non-Travel,177,Research & Development,8,1,Medical,1,1278,4,Male,37,2,4,Healthcare Representative,2,Divorced,13577,25592,1,Y,Yes,15,3,4,80,1,34,3,3,33,9,15,0,0.97635352611541748,0.02364644780755043
224,31,Non-Travel,979,Research & Development,1,4,Medical,1,308,3,Male,90,1,2,Manufacturing Director,3,Married,4345,4381,0,Y,No,12,3,4,80,1,6,2,3,5,4,1,4,0.99881798028945923,0.0011819425271824002
56,35,Travel_Frequently,853,Sales,18,5,Life Sciences,1,74,2,Male,71,3,3,Sales Executive,1,Married,9069,11031,1,Y,No,22,4,4,80,1,9,3,2,9,8,1,8,0.94283366203308105,0.057166352868080139
322,32,Travel_Rarely,1018,Research & Development,2,4,Medical,1,439,1,Female,74,4,2,Research Scientist,4,Single,5055,10557,7,Y,No,16,3,3,80,0,10,0,2,7,7,0,7,0.97608715295791626,0.023912824690341949
2,37,Travel_Rarely,1373,Research & Development,2,2,Other,1,4,4,Male,92,2,1,Laboratory Technician,3,Single,2090,2396,6,Y,Yes,15,3,2,80,0,7,3,3,0,0,0,0,0.22762958705425262,0.77237045764923096
1273,22,Travel_Rarely,1294,Research & Development,8,1,Medical,1,1783,3,Female,79,3,1,Laboratory Technician,1,Married,2398,15999,1,Y,Yes,17,3,3,80,0,1,6,3,1,0,0,0,0.21602736413478851,0.78397268056869507
935,32,Travel_Rarely,604,Sales,8,3,Medical,1,1304,3,Male,56,4,2,Sales Executive,4,Married,6209,11693,1,Y,No,15,3,3,80,2,10,4,4,10,7,0,8,0.98466622829437256,0.01533377543091774
526,39,Travel_Rarely,408,Research & Development,2,4,Technical Degree,1,721,4,Female,80,2,2,Healthcare Representative,3,Single,4553,20978,1,Y,No,11,3,1,80,0,20,4,3,20,7,11,10,0.93055778741836548,0.069442212581634521
1235,46,Travel_Rarely,1277,Sales,2,3,Life Sciences,1,1732,3,Male,74,3,3,Sales Executive,4,Divorced,10368,5596,4,Y,Yes,12,3,2,80,1,13,5,2,10,6,0,3,0.9556611180305481,0.044338863343000412
1021,25,Travel_Rarely,383,Sales,9,2,Life Sciences,1,1439,1,Male,68,2,1,Sales Representative,1,Married,4400,15182,3,Y,No,12,3,1,80,0,6,2,3,3,2,2,2,0.4208088219165802,0.57919114828109741
141,45,Travel_Rarely,1316,Research & Development,29,3,Medical,1,192,3,Male,83,3,1,Research Scientist,4,Single,3452,9752,5,Y,No,13,3,2,80,0,9,2,2,6,5,0,3,0.96854656934738159,0.031453400850296021
491,43,Travel_Frequently,1001,Research & Development,9,5,Medical,1,663,4,Male,72,3,2,Laboratory Technician,3,Divorced,5679,19627,3,Y,Yes,13,3,2,80,1,10,3,3,8,7,4,7,0.96284955739974976,0.037150435149669647
298,36,Travel_Frequently,566,Research & Development,18,4,Life Sciences,1,407,3,Male,81,4,1,Laboratory Technician,4,Married,3688,7122,4,Y,No,18,3,4,80,2,4,2,3,1,0,0,0,0.87524354457855225,0.12475645542144775
253,42,Travel_Rarely,916,Research & Development,17,2,Life Sciences,1,347,4,Female,82,4,2,Research Scientist,1,Single,6545,23016,3,Y,Yes,13,3,3,80,0,10,1,3,3,2,0,2,0.95190298557281494,0.048097036778926849
426,30,Non-Travel,1116,Research & Development,2,3,Medical,1,571,3,Female,49,3,1,Laboratory Technician,4,Single,2564,7181,0,Y,No,14,3,3,80,0,12,2,2,11,7,6,7,0.96168124675750732,0.038318760693073273
342,31,Travel_Rarely,1232,Research & Development,7,4,Medical,1,462,3,Female,39,3,3,Manufacturing Director,4,Single,7143,25713,1,Y,Yes,14,3,3,80,0,11,2,2,11,9,4,10,0.95147228240966797,0.048527650535106659
1015,34,Travel_Frequently,560,Research & Development,1,4,Other,1,1431,4,Male,91,3,1,Research Scientist,1,Divorced,2996,20284,5,Y,No,14,3,3,80,2,10,2,3,4,3,1,3,0.97322624921798706,0.026773689314723015
916,46,Travel_Rarely,168,Sales,4,2,Marketing,1,1280,4,Female,33,2,5,Manager,2,Married,18789,9946,2,Y,No,14,3,3,80,1,26,2,3,11,4,0,8,0.99436163902282715,0.0056383572518825531
260,32,Travel_Frequently,1311,Research & Development,7,3,Life Sciences,1,359,2,Male,100,4,1,Laboratory Technician,2,Married,2794,26062,1,Y,No,20,4,3,80,0,5,3,1,5,1,0,3,0.74207347631454468,0.25792649388313293
420,29,Travel_Rarely,986,Research & Development,3,4,Medical,1,564,2,Male,93,2,3,Research Director,3,Married,11935,21526,1,Y,No,18,3,3,80,0,10,2,3,10,2,0,7,0.97501182556152344,0.02498810738325119
1327,46,Travel_Rarely,1319,Sales,3,3,Technical Degree,1,1863,1,Female,45,4,4,Sales Executive,1,Divorced,13225,7739,2,Y,No,12,3,4,80,1,25,5,3,19,17,2,8,0.97448265552520752,0.025517325848340988
1131,34,Travel_Frequently,653,Research & Development,10,4,Technical Degree,1,1597,4,Male,92,2,2,Healthcare Representative,3,Married,5063,15332,1,Y,No,14,3,2,80,1,8,3,2,8,2,7,7,0.97465896606445312,0.025340989232063293
948,30,Travel_Rarely,634,Research & Development,17,4,Medical,1,1321,2,Female,95,3,3,Manager,1,Married,11916,25927,1,Y,Yes,23,4,4,80,2,9,2,3,9,1,0,8,0.92670243978500366,0.073297567665576935
465,46,Travel_Frequently,1034,Research & Development,18,1,Medical,1,624,1,Female,86,3,3,Healthcare Representative,3,Married,10527,8984,5,Y,No,11,3,4,80,0,28,3,2,2,2,1,2,0.85901904106140137,0.14098094403743744
1414,47,Travel_Rarely,1180,Research & Development,25,3,Medical,1,1993,1,Male,84,3,3,Healthcare Representative,3,Single,8633,13084,2,Y,No,23,4,2,80,0,25,3,3,17,14,12,11,0.94846761226654053,0.051532380282878876
743,59,Travel_Rarely,715,Research & Development,2,3,Life Sciences,1,1032,3,Female,69,2,4,Manufacturing Director,4,Single,13726,21829,3,Y,Yes,13,3,1,80,0,30,4,3,5,3,4,3,0.97928464412689209,0.020715313032269478
838,42,Travel_Frequently,481,Sales,12,3,Life Sciences,1,1167,3,Male,44,3,4,Sales Executive,1,Single,13758,2447,0,Y,Yes,12,3,2,80,0,22,2,2,21,9,13,14,0.6224249005317688,0.37757512927055359
1073,28,Travel_Rarely,1083,Research & Development,29,1,Life Sciences,1,1514,3,Male,96,1,2,Manufacturing Director,2,Married,6549,3173,1,Y,No,14,3,2,80,2,8,2,2,8,6,1,7,0.99125975370407104,0.0087402723729610443
1405,31,Non-Travel,697,Research & Development,10,3,Medical,1,1979,3,Female,40,3,3,Research Director,3,Married,11031,26862,4,Y,No,20,4,3,80,1,13,2,4,11,7,4,8,0.99585139751434326,0.0041486583650112152
467,37,Non-Travel,142,Sales,9,4,Medical,1,626,1,Male,69,3,3,Sales Executive,2,Divorced,8834,24666,1,Y,No,13,3,4,80,1,9,6,3,9,5,7,7,0.96768224239349365,0.032317731529474258
431,54,Travel_Rarely,548,Research & Development,8,4,Life Sciences,1,578,3,Female,42,3,2,Laboratory Technician,3,Single,3780,23428,7,Y,No,11,3,3,80,0,19,3,3,1,0,0,0,0.87907588481903076,0.12092416733503342
907,44,Travel_Rarely,1099,Sales,5,3,Marketing,1,1267,2,Male,88,3,5,Manager,2,Married,18213,8751,7,Y,No,11,3,3,80,1,26,5,3,22,9,3,10,0.98471653461456299,0.015283452346920967
711,29,Travel_Rarely,906,Research & Development,10,3,Life Sciences,1,994,4,Female,92,2,1,Research Scientist,1,Single,2404,11479,6,Y,Yes,20,4,3,80,0,3,5,3,0,0,0,0,0.23859567940235138,0.76140433549880981
1099,45,Travel_Rarely,538,Research & Development,1,4,Technical Degree,1,1553,1,Male,66,3,3,Healthcare Representative,2,Divorced,7441,20933,1,Y,No,12,3,1,80,3,10,4,3,10,8,7,7,0.91377580165863037,0.08622424304485321
1358,31,Travel_Rarely,1079,Sales,10,2,Medical,1,1912,3,Female,86,3,2,Sales Executive,4,Divorced,6583,20115,2,Y,Yes,11,3,4,80,1,8,2,3,5,2,1,4,0.96864879131317139,0.031351223587989807
540,28,Travel_Rarely,654,Research & Development,1,2,Life Sciences,1,741,1,Female,67,1,1,Research Scientist,2,Single,2216,3872,7,Y,Yes,13,3,4,80,0,10,4,3,7,7,3,7,0.52221959829330444,0.47778040170669556
192,35,Travel_Rarely,556,Research & Development,23,2,Life Sciences,1,261,2,Male,50,2,2,Manufacturing Director,3,Married,5916,15497,3,Y,Yes,13,3,1,80,0,8,1,3,1,0,0,1,0.89423829317092896,0.10576165467500687
442,36,Non-Travel,635,Sales,10,4,Medical,1,592,2,Male,32,3,3,Sales Executive,4,Single,9980,15318,1,Y,No,14,3,4,80,0,10,3,2,10,3,9,7,0.96316993236541748,0.036830075085163116
1360,31,Travel_Rarely,471,Research & Development,4,3,Medical,1,1916,1,Female,62,4,1,Laboratory Technician,3,Divorced,3978,16031,8,Y,No,12,3,2,80,1,4,0,2,2,2,2,2,0.8453255295753479,0.1546744704246521
536,60,Travel_Rarely,1179,Sales,16,4,Marketing,1,732,1,Male,84,3,2,Sales Executive,1,Single,5405,11924,8,Y,No,14,3,4,80,0,10,1,3,2,2,2,2,0.77614086866378784,0.22385911643505096
1434,52,Non-Travel,585,Sales,29,4,Life Sciences,1,2019,1,Male,40,3,1,Sales Representative,4,Divorced,3482,19788,2,Y,No,15,3,2,80,2,16,3,2,9,8,0,0,0.93473339080810547,0.06526658684015274
751,50,Non-Travel,145,Sales,1,3,Life Sciences,1,1040,4,Female,95,3,2,Sales Executive,3,Married,6347,24920,0,Y,No,12,3,1,80,1,19,3,3,18,7,0,13,0.99546045064926147,0.0045394934713840485
14,28,Travel_Rarely,103,Research & Development,24,3,Life Sciences,1,19,3,Male,50,2,1,Laboratory Technician,3,Single,2028,12947,5,Y,Yes,14,3,2,80,0,6,4,3,4,2,0,3,0.2012278139591217,0.79877215623855591
58,31,Travel_Rarely,655,Research & Development,7,4,Life Sciences,1,76,4,Male,48,3,2,Laboratory Technician,4,Divorced,5915,9528,3,Y,No,22,4,4,80,1,10,3,2,7,7,1,7,0.99442321062088013,0.0055768224410712719
887,42,Travel_Frequently,458,Research & Development,26,5,Medical,1,1242,1,Female,60,3,3,Research Director,1,Married,13191,23281,3,Y,Yes,17,3,3,80,0,20,6,3,1,0,0,0,0.59152936935424805,0.40847069025039673
726,31,Travel_Frequently,853,Research & Development,1,1,Life Sciences,1,1011,3,Female,96,3,2,Manufacturing Director,1,Married,4148,11275,1,Y,No,12,3,3,80,1,4,1,3,4,3,0,3,0.99450063705444336,0.0054993447847664356
1051,44,Travel_Frequently,383,Sales,1,5,Marketing,1,1481,1,Female,79,3,2,Sales Executive,3,Married,4768,9282,7,Y,No,12,3,3,80,1,11,4,2,1,0,0,0,0.65534180402755737,0.34465816617012024
279,50,Travel_Rarely,797,Research & Development,4,1,Life Sciences,1,385,1,Male,96,3,5,Research Director,2,Divorced,19144,15815,3,Y,No,14,3,1,80,2,28,4,2,10,4,1,6,0.99334502220153809,0.0066549838520586491
632,42,Travel_Frequently,1271,Research & Development,2,1,Medical,1,875,2,Male,35,3,1,Research Scientist,4,Single,2515,9068,5,Y,Yes,14,3,4,80,0,8,2,3,2,1,2,2,0.81920301914215088,0.18079695105552673
191,27,Travel_Rarely,894,Research & Development,9,3,Medical,1,260,4,Female,99,3,1,Research Scientist,2,Single,2279,11781,1,Y,No,16,3,4,80,0,7,2,2,7,7,0,3,0.93363791704177856,0.066362112760543823
19,38,Travel_Rarely,371,Research & Development,2,3,Life Sciences,1,24,4,Male,45,3,1,Research Scientist,4,Single,3944,4306,5,Y,Yes,11,3,3,80,0,6,3,3,3,2,1,2,0.84523999691009521,0.1547599583864212
679,31,Non-Travel,1188,Sales,20,2,Marketing,1,947,4,Female,45,3,2,Sales Executive,3,Married,6932,24406,1,Y,No,13,3,4,80,1,9,2,2,9,8,0,0,0.96877866983413696,0.031221294775605202
1247,31,Travel_Rarely,1003,Sales,5,3,Technical Degree,1,1749,1,Male,51,3,2,Sales Executive,3,Married,8346,20943,1,Y,No,19,3,3,80,1,6,3,3,5,2,0,2,0.96601617336273193,0.033983860164880753
82,55,Travel_Rarely,111,Sales,1,2,Life Sciences,1,106,1,Male,70,3,3,Sales Executive,4,Married,10239,18092,3,Y,No,14,3,4,80,1,24,4,3,1,0,1,0,0.93124544620513916,0.068754501640796661
642,38,Travel_Rarely,395,Sales,9,3,Marketing,1,893,2,Male,98,2,1,Sales Representative,2,Married,2899,12102,0,Y,No,19,3,4,80,1,3,3,3,2,2,1,2,0.94109863042831421,0.058901317417621613
5,32,Travel_Frequently,1005,Research & Development,2,2,Life Sciences,1,8,4,Male,79,3,1,Laboratory Technician,4,Single,3068,11864,0,Y,No,13,3,3,80,0,8,2,2,7,7,3,6,0.83160662651062012,0.16839338839054108
583,34,Travel_Rarely,1111,Sales,8,2,Life Sciences,1,808,3,Female,93,3,2,Sales Executive,1,Married,6500,13305,5,Y,No,17,3,2,80,1,6,1,3,3,2,1,2,0.98582899570465088,0.014171034097671509
432,34,Travel_Rarely,1303,Research & Development,2,4,Life Sciences,1,579,4,Male,62,2,1,Research Scientist,3,Divorced,2768,8416,3,Y,No,12,3,3,80,1,14,3,3,7,3,5,7,0.99653780460357666,0.0034622619859874249
1147,49,Travel_Rarely,722,Research & Development,25,4,Life Sciences,1,1617,3,Female,84,3,1,Laboratory Technician,1,Married,3211,22102,1,Y,No,14,3,4,80,1,10,3,2,9,6,1,4,0.97052270174026489,0.029477370902895927
1275,51,Travel_Rarely,942,Research & Development,3,3,Technical Degree,1,1786,1,Female,53,3,3,Manager,3,Married,13116,22984,2,Y,No,11,3,4,80,0,15,2,3,2,2,2,2,0.90061312913894653,0.099386893212795258
184,53,Travel_Rarely,1084,Research & Development,13,2,Medical,1,250,4,Female,57,4,2,Manufacturing Director,1,Divorced,4450,26250,1,Y,No,11,3,3,80,2,5,3,3,4,2,1,3,0.99621105194091797,0.0037889820523560047
666,22,Travel_Rarely,617,Research & Development,3,1,Life Sciences,1,926,2,Female,34,3,2,Manufacturing Director,3,Married,4171,10022,0,Y,Yes,19,3,1,80,1,4,3,4,3,2,0,2,0.99125808477401733,0.0087418872863054276
1058,34,Travel_Rarely,790,Sales,24,4,Medical,1,1489,1,Female,40,2,2,Sales Executive,2,Single,4599,7815,0,Y,Yes,23,4,3,80,0,16,2,4,15,9,10,10,0.70922929048538208,0.29077067971229553
317,52,Travel_Rarely,723,Research & Development,8,4,Medical,1,433,3,Male,85,2,2,Research Scientist,2,Married,4941,17747,2,Y,No,15,3,1,80,0,11,3,2,8,2,7,7,0.98202317953109741,0.017976820468902588
